{
    "loss": 0.2638278007507324,
    "accuracy": 0.8793103694915771
}