{
    "loss": 3.338275671005249,
    "accuracy": 0.5603448152542114
}