{
    "loss": 0.9069457054138184,
    "accuracy": 0.517241358757019
}