{
    "loss": 0.23509769141674042,
    "accuracy": 0.8965517282485962
}