{
    "loss": 0.46443089842796326,
    "accuracy": 0.8706896305084229
}