{
    "loss": 2.071455240249634,
    "accuracy": 0.6724137663841248
}